公司代碼,公司名稱,年月,年,設立年,ROA(A)稅後息前%,淨值/資產,淨值/資產/100,ROA標準差,Z-score,資產總額,ln資產總額,淨收益,ln淨收益,當季季底P/B,負債比率,公司年齡,董事總持股數%,經理人總持股%,是否在金融危機時期,是否在COVID時期
2801,彰銀,200612,2006,1950,0.82,6.06,0.0606,1.18367718,0.74395284,1355554458,21.0274764,29947798,17.21496636,1.33,93.94,56,19.18,0.04,0,0
2801,彰銀,200712,2007,1950,0.64,6.24,0.0624,0.067577116,10.39405108,1311503571,20.99444008,31017142,17.25005058,1.04,93.76,57,15.78,0.04,1,0
2801,彰銀,200812,2008,1950,0.36,5.77,0.0577,0.014142136,29.53585025,1396815994,21.05746119,25945709,17.0715168,0.99,94.23,58,34.74,0.03,1,0
2801,彰銀,200912,2009,1950,0.22,5.49,0.0549,0.055976185,4.911017033,1475326923,21.11214544,22729021,16.93915312,1.17,94.51,59,34.74,0.04,1,0
2801,彰銀,201012,2010,1950,0.53,5.76,0.0576,0.07410578,7.929206035,1502957985,21.13070099,28584644,17.16838021,1.86,94.24,60,34.74,0.18,0,0
2801,彰銀,201112,2011,1950,0.58,6.02,0.0602,0.06244998,10.25140441,1589117513,21.18644468,26739877,17.10166653,1.16,93.98,61,34.74,0.16,0,0
2801,彰銀,201212,2012,1950,0.53,6.5,0.065,0.049916597,11.91988305,1613823532,21.20187207,23260599,16.96227146,1.1,93.5,62,34.74,0.14,0,0
2801,彰銀,201312,2013,1950,0.53,6.61,0.0661,0.017320508,34.41584955,1700055541,21.25392676,23823209,16.98617083,1.27,93.39,63,34.74,0.11,0,0
2801,彰銀,201412,2014,1950,0.62,6.57,0.0657,0.037859389,18.11175559,1815872967,21.31983216,26400794,17.08890464,1.2,93.43,64,34.74,0.1,0,0
2801,彰銀,201512,2015,1950,0.63,6.79,0.0679,0.018929694,36.86800125,1906257219,21.36840759,29669859,17.20564224,1.03,93.21,65,34.74,0.09,0,0
2801,彰銀,201612,2016,1950,0.62,6.86,0.0686,0.020615528,33.40200628,2005151504,21.41898546,31008481,17.24977131,1.12,93.14,66,34.74,0.08,0,0
2801,彰銀,201712,2017,1950,0.6,7.12,0.0712,0.018257419,36.76313806,2036258400,21.43437984,30796719,17.24291872,1.07,92.88,67,38.47,0.07,0,0
2801,彰銀,201812,2018,1950,0.61,7.52,0.0752,0.017078251,40.1212038,2081811670,21.45650435,33108189,17.31529121,1.08,92.48,68,38.47,0.07,0,0
2801,彰銀,201912,2019,1950,0.55,7.6,0.076,0.012583057,49.74943533,2135643203,21.4820337,32078353,17.283692,1.4,92.4,69,38.47,0.06,0,0
2801,彰銀,202012,2020,1950,0.32,7.13,0.0713,0.028284271,13.83454417,2313440219,21.56200153,27317092,17.12302314,1.13,92.87,70,20.94,0.05,0,1
2801,彰銀,202112,2021,1950,0.36,6.72,0.0672,0.014142136,30.20760169,2551106497,21.65979302,28685958,17.17191829,1.04,93.28,71,20.94,0.05,0,1
2801,彰銀,202212,2022,1950,0.42,6.3,0.063,0.015,32.2,2684852319,21.71089156,34138590,17.34593897,1.07,93.7,72,25.12,0.05,0,1
2801,彰銀,202312,2023,1950,0.46,6.48,0.0648,0.014142136,37.10896388,2900874139,21.78827796,38570072,17.4679872,1.03,93.52,73,25.12,0.04,0,0
2807,渣打銀行,200612,2006,1948,-1.25,3.48,0.0348,0.596294111,-2.037920512,428620936,19.87608349,12629343,16.35153347,2.71,96.52,58,95.39,0.16,0,0
2809,京城銀,200612,2006,1951,0.03,5.6,0.056,0.322011905,0.267070872,196597237,19.09666771,2944525,14.89545807,1.02,94.4,55,15.36,2.09,0,0
2809,京城銀,200712,2007,1951,0.19,6.56,0.0656,0.056789083,4.500865033,171278264,18.95880007,3180344,14.97249993,0.83,93.44,56,14.32,0.13,1,0
2809,京城銀,200812,2008,1951,0.04,7.34,0.0734,0.065,1.744615385,150370401,18.82861215,2765933,14.83288857,0.55,92.66,57,5.02,0.07,1,0
2809,京城銀,200912,2009,1951,0.02,6.89,0.0689,0.028722813,3.095100723,161919510,18.90260992,2795243,14.8434296,0.86,93.11,58,5.02,0.43,1,0
2809,京城銀,201012,2010,1951,1.12,7.75,0.0775,0.076321688,15.69016668,168811489,18.9442932,3728330,15.13147097,1.37,92.25,59,4.97,0.46,0,0
2809,京城銀,201112,2011,1951,1.5,8.82,0.0882,0.05228129,30.37798007,176223393,18.98726303,4395387,15.29606614,1.15,91.18,60,3.75,0.19,0,0
2809,京城銀,201212,2012,1951,1.86,10.31,0.1031,0.049665548,39.52639356,194122178,19.0839983,5528331,15.52539652,1.14,89.69,61,3.75,0.17,0,0
2809,京城銀,201312,2013,1951,2.03,11.36,0.1136,0.065510813,32.72131561,213997631,19.1814755,6772052,15.7283147,1.4,88.64,62,3.28,0.06,0,0
2809,京城銀,201412,2014,1951,2.31,11.54,0.1154,0.106144556,22.84997085,235287520,19.27631881,7764807,15.86511216,1.45,88.46,63,3.28,0.06,0,0
2809,京城銀,201512,2015,1951,1.56,11.98,0.1198,0.141273966,11.89037197,237553590,19.2859038,6122704,15.62751439,0.99,88.02,64,3.28,0.07,0,0
2809,京城銀,201612,2016,1951,1.99,13.44,0.1344,0.056568542,37.55444115,244083962,19.31302283,7524759,15.83370934,0.99,86.56,65,3.42,0.1,0,0
2809,京城銀,201712,2017,1951,2.18,13.63,0.1363,0.061305247,37.78306272,271176261,19.41827958,9005445,16.01333995,1.16,86.37,66,3.42,0.06,0,0
2809,京城銀,201812,2018,1951,1.04,12.52,0.1252,0.362491379,3.214421271,281094719,19.45420225,7000814,15.76153699,0.94,87.48,67,3.42,0.08,0,0
2809,京城銀,201912,2019,1951,1.21,14.48,0.1448,0.455732012,2.972799726,282742908,19.46004859,8492984,15.95475097,0.93,85.52,68,3.48,0.07,0,0
2809,京城銀,202012,2020,1951,1.81,14.31,0.1431,0.126589889,15.42856239,325457939,19.60074379,8906920,16.00233906,0.93,85.69,69,3.96,0.06,0,1
2809,京城銀,202112,2021,1951,1.68,14.24,0.1424,0.356464117,5.112436044,343149280,19.65367613,10261958,16.14395422,0.93,85.76,70,3.96,0.14,0,1
2809,京城銀,202212,2022,1951,0.61,11.16,0.1116,0.135246688,5.335435637,379986796,19.75564706,5352370,15.49305001,0.89,88.84,71,4,0.08,0,1
2809,京城銀,202312,2023,1951,1.62,13.04,0.1304,0.142009389,12.32594554,384348059,19.7670591,9972016,16.11529333,0.89,86.96,72,4,0.07,0,0
2812,台中銀,200612,2006,1953,-1.81,3.21,0.0321,0.835119752,-2.128916237,259413564,19.37393412,-70502,0,1.57,96.79,53,9,0.21,0,0
2812,台中銀,200712,2007,1953,0.68,6.04,0.0604,1.019358458,0.726339193,262582615,19.38607631,6149463,15.63187532,1.07,93.96,54,8.16,0.57,1,0
2812,台中銀,200812,2008,1953,0.07,5.43,0.0543,0.136228974,0.912434385,285660254,19.47031374,5189504,15.46214868,0.6,94.57,55,8.75,0.43,1,0
2812,台中銀,200912,2009,1953,0.01,4.97,0.0497,0.253377189,0.235617106,309361546,19.5500212,3365200,15.02899795,0.75,95.03,56,8.65,0.34,1,0
2812,台中銀,201012,2010,1953,0.13,5.71,0.0571,0.053229065,3.514996946,340256632,19.64521069,4596367,15.34077677,1.08,94.29,57,8.19,0.59,0,0
2812,台中銀,201112,2011,1953,0.4,6.63,0.0663,0.025819889,18.05972134,384243568,19.7667872,5779752,15.56987133,0.77,93.37,58,7.49,0.69,0,0
2812,台中銀,201212,2012,1953,0.68,6.27,0.0627,0.016329932,45.4809008,444941272,19.91345286,7054807,15.76921979,0.83,93.73,59,7.49,0.58,0,0
2812,台中銀,201312,2013,1953,0.65,6.25,0.0625,0.038622101,18.44798667,496212735,20.02251529,9264252,16.04167368,0.89,93.75,60,7.43,0.43,0,0
2812,台中銀,201412,2014,1953,0.73,6.75,0.0675,0.041932485,19.01866756,530050400,20.08848265,10714999,16.18715509,0.82,93.25,61,7.28,0.36,0,0
2812,台中銀,201512,2015,1953,0.63,6.94,0.0694,0.035590261,19.6514435,575630715,20.17097689,10102741,16.12831733,0.75,93.06,62,7.73,0.43,0,0
2812,台中銀,201612,2016,1953,0.58,6.6,0.066,0.015,43.06666667,627102701,20.25662088,10792636,16.19437461,0.72,93.4,63,7.46,0.4,0,0
2812,台中銀,201712,2017,1953,0.56,6.55,0.0655,0.014142136,44.22952916,663024083,20.31232187,11394755,16.24866372,0.75,93.45,64,7.16,0.34,0,0
2812,台中銀,201812,2018,1953,0.59,6.92,0.0692,0.012583057,52.38790379,690832103,20.35340738,11689424,16.27419506,0.75,93.08,65,8.5,0.38,0,0
2812,台中銀,201912,2019,1953,0.63,7.52,0.0752,0.009574271,73.65573779,682688922,20.34154986,12095628,16.30835462,0.87,92.48,66,8.5,0.36,0,0
2812,台中銀,202012,2020,1953,0.57,7.78,0.0778,0.009574271,67.66050332,736770021,20.41778635,11643742,16.27027943,0.79,92.22,67,3.21,0.4,0,1
2812,台中銀,202112,2021,1953,0.64,8.21,0.0821,0.009574271,75.42088522,772678393,20.46537347,13721874,16.43450176,0.87,91.79,68,3.2,0.43,0,1
2812,台中銀,202212,2022,1953,0.68,8.57,0.0857,0.005,153.14,807962828,20.51002661,15017164,16.52470437,0.93,91.43,69,3.19,0.53,0,1
2812,台中銀,202312,2023,1953,0.81,8.72,0.0872,0.019148542,46.85474188,877947789,20.59309768,17497671,16.67757834,1.09,91.28,70,3.19,0.48,0,0
2831,中華銀行,200612,2006,1991,-4.41,2.98,0.0298,1.526946845,-2.868600184,206532441,19.14596806,54694,10.90950929,0.62,97.02,15,9.92,0.82,0,0
2834,臺企銀,200612,2006,1950,0.07,3.72,0.0372,0.745178949,0.143858063,1060244747,20.78176561,11099919,16.22244837,1.02,96.28,56,38.04,0.5,0,0
2834,臺企銀,200712,2007,1950,0.1,3.63,0.0363,0.012909944,10.5577526,1102512855,20.82085783,12836536,16.36780604,0.97,96.37,57,38.04,0.49,1,0
2834,臺企銀,200812,2008,1950,0.01,3.4,0.034,0.172336879,0.255313895,1162173383,20.8735577,11610614,16.26743024,0.69,96.6,58,38.02,0.48,1,0
2834,臺企銀,200912,2009,1950,0.12,3.51,0.0351,0,0,1187558861,20.89516566,14726517,16.5051603,0.77,96.49,59,23.58,0.43,1,0
2834,臺企銀,201012,2010,1950,0.17,3.61,0.0361,0.020615528,9.997318464,1213641361,20.91689107,16245797,16.60334479,1.21,96.39,60,23.7,0.38,0,0
2834,臺企銀,201112,2011,1950,0.24,3.7,0.037,0.008164966,33.92543294,1267008130,20.95992415,17155494,16.65782903,0.94,96.3,61,23.66,0.38,0,0
2834,臺企銀,201212,2012,1950,0.3,4.15,0.0415,0.017320508,19.71651169,1291268290,20.97889074,16755789,16.63425437,0.8,95.85,62,21.92,0.46,0,0
2834,臺企銀,201312,2013,1950,0.28,4.32,0.0432,0.027080128,11.93495097,1326368076,21.00571027,17723241,16.69038739,0.81,95.68,63,21.92,0.41,0,0
2834,臺企銀,201412,2014,1950,0.39,4.51,0.0451,0.008164966,53.28864935,1392390567,21.05428794,18994325,16.75965081,0.78,95.49,64,21.92,0.37,0,0
2834,臺企銀,201512,2015,1950,0.36,4.58,0.0458,0.005,81.16,1475891595,21.11252812,20161884,16.81930445,0.69,95.42,65,21.92,0.35,0,0
2834,臺企銀,201612,2016,1950,0.35,4.73,0.0473,0.005773503,68.81437858,1498728982,21.12788324,20657034,16.84356645,0.69,95.27,66,21.92,0.39,0,0
2834,臺企銀,201712,2017,1950,0.33,4.79,0.0479,0.041932485,9.012105918,1584093971,21.18327845,20862695,16.85347319,0.68,95.21,67,21.93,0.39,0,0
2834,臺企銀,201812,2018,1950,0.48,5.24,0.0524,0.014142136,37.64636503,1619040455,21.2050995,23026947,16.9521757,0.78,94.76,68,22.02,0.33,0,0
2834,臺企銀,201912,2019,1950,0.4,5.47,0.0547,0.029439203,15.44539102,1746152814,21.28068081,23209942,16.96009128,0.94,94.53,69,20.77,0.28,0,0
2834,臺企銀,202012,2020,1950,0.27,5.51,0.0551,0.005,65.02,1791635053,21.30639448,21869442,16.90060088,0.74,94.49,70,20.77,0.28,0,1
2834,臺企銀,202112,2021,1950,0.27,5.03,0.0503,0.009574271,33.45424392,2021253072,21.42698349,24106024,16.99797233,0.75,94.97,71,24.39,0.26,0,1
2834,臺企銀,202212,2022,1950,0.49,5.02,0.0502,0.028867513,18.71307692,2072486125,21.45201475,28529123,17.16643598,1,94.98,72,24.39,0.22,0,1
2834,臺企銀,202312,2023,1950,0.49,5.44,0.0544,0.033166248,16.4142776,2209814531,21.51617443,31913544,17.27854105,0.94,94.56,73,24.39,0.18,0,0
2836,高雄銀,200612,2006,1982,0.3,7.22,0.0722,0.060553007,6.146680701,146873924,18.80508512,2326924,14.66005778,0.9,92.78,24,46.27,0.09,0,0
2836,高雄銀,200712,2007,1982,0.09,6.64,0.0664,0.112952792,1.384649255,156790996,18.87042424,2170033,14.59025293,0.76,93.36,25,46.27,0.06,1,0
2836,高雄銀,200812,2008,1982,-0.57,5.09,0.0509,0.221415898,-2.344456763,183651508,19.02855054,1448102,14.18576429,0.39,94.91,26,46.07,0.11,1,0
2836,高雄銀,200912,2009,1982,0.04,5.07,0.0507,0.06448514,1.406525588,186111052,19.04185411,1980368,14.49879324,0.58,94.93,27,46.07,0.09,1,0
2836,高雄銀,201012,2010,1982,0.06,4.45,0.0445,0.026299556,3.973451051,214835715,19.18538418,2351471,14.67055165,0.88,95.55,28,46.07,0.09,0,0
2836,高雄銀,201112,2011,1982,-0.2,4.63,0.0463,0.202710796,-0.758223061,223837884,19.22643262,2331526,14.66203355,0.61,95.37,29,45.29,0.25,0,0
2836,高雄銀,201212,2012,1982,0.21,4.77,0.0477,0.009574271,26.91588716,221057554,19.21393365,2708051,14.81173975,0.62,95.23,30,45.29,0.23,0,0
2836,高雄銀,201312,2013,1982,0.18,4.59,0.0459,0.005,45.18,234433363,19.27268194,2937265,14.89298943,0.64,95.41,31,45.21,0.24,0,0
2836,高雄銀,201412,2014,1982,0.2,4.21,0.0421,0.015,16.14,269024953,19.4103147,3400019,15.03929158,0.59,95.79,32,50,0.22,0,0
2836,高雄銀,201512,2015,1982,0.22,4.52,0.0452,0.005773503,45.93398742,263050675,19.38785725,3314604,15.01384872,0.58,95.48,33,50.06,0.28,0,0
2836,高雄銀,201612,2016,1982,0.25,4.87,0.0487,0.005,59.74,256174320,19.36136871,3363628,15.02853071,0.6,95.13,34,50.15,0.31,0,0
2836,高雄銀,201712,2017,1982,0.17,5.39,0.0539,0.05,4.478,263364185,19.38904837,3292356,15.00711398,0.65,94.61,35,52.5,0.31,0,0
2836,高雄銀,201812,2018,1982,0.18,5.39,0.0539,0.030956959,7.555651613,267999101,19.40649418,3499620,15.06816495,0.66,94.61,36,52.6,0.29,0,0
2836,高雄銀,201912,2019,1982,0.29,5.7,0.057,0.005773503,60.10216302,270655904,19.41635885,3719440,15.12908368,0.69,94.3,37,56.12,0.42,0,0
2836,高雄銀,202012,2020,1982,0.28,5.87,0.0587,0.005,67.74,276159561,19.43648938,3725355,15.13067271,0.7,94.13,38,57.16,0.75,0,1
2836,高雄銀,202112,2021,1982,0.32,6.22,0.0622,0,0,284032958,19.46460084,4013744,15.20523503,0.8,93.78,39,58.32,0.6,0,1
2836,高雄銀,202212,2022,1982,0.33,5.76,0.0576,0.026457513,14.64990297,279117632,19.44714387,3899078,15.17625067,0.93,94.24,40,58.32,0.49,0,1
2836,高雄銀,202312,2023,1982,0.3,6.04,0.0604,0.012583057,28.64168769,306895213,19.54201692,3820774,15.15596358,0.82,93.96,41,58.32,0.38,0,0
2837,凱基銀行,200612,2006,1992,-4.52,4.86,0.0486,1.50282789,-2.975324074,244691821,19.3155101,3968556,15.19391286,2.1,95.14,14,12.18,0.16,0,0
2837,凱基銀行,200712,2007,1992,-6.67,15.74,0.1574,1.20911469,-5.386254964,205227093,19.13962769,-2363753,0,0.79,84.26,15,0.39,0.03,1,0
2837,凱基銀行,200812,2008,1992,-5.52,13.45,0.1345,0.611957243,-8.800451446,164535676,18.91863798,-540845,0,0.2,86.55,16,0,0.01,1,0
2837,凱基銀行,200912,2009,1992,-4.76,11.69,0.1169,0.582980846,-7.964412609,136448801,18.73146002,-154455,0,0.86,88.31,17,32.3,0,1,0
2837,凱基銀行,201012,2010,1992,-2.76,9.73,0.0973,0.416203075,-6.397598089,128843017,18.6741053,721004,13.48839996,1.12,90.27,18,32.3,0,0,0
2837,凱基銀行,201112,2011,1992,-0.19,8.81,0.0881,0.096738479,-1.053355407,139976708,18.7569866,1896049,14.45528281,0.82,91.19,19,32.3,0.01,0,0
2837,凱基銀行,201212,2012,1992,1.96,10.03,0.1003,0.267129806,7.712729739,154560083,18.85609347,5578457,15.53442277,1.82,89.97,20,57.09,0.01,0,0
2837,凱基銀行,201312,2013,1992,1.9,10.96,0.1096,0.141745076,14.17756477,167076010,18.93395942,6404947,15.67258122,1.25,89.04,21,29.29,0.02,0,0
2838,聯邦銀,200612,2006,1991,0.06,5.29,0.0529,0.7051891,0.160098901,389005127,19.77910308,11308820,16.24109351,0.9,94.71,15,9.59,0.59,0,0
2838,聯邦銀,200712,2007,1991,-1.31,5.29,0.0529,0.476305224,-2.639274012,379469040,19.75428357,8383176,15.9417374,0.75,94.71,16,9.14,0.53,1,0
2838,聯邦銀,200812,2008,1991,-0.41,4.98,0.0498,0.202977831,-1.77457803,375643557,19.74415127,6711701,15.71936298,0.58,95.02,17,9.14,0.51,1,0
2838,聯邦銀,200912,2009,1991,0.08,5.35,0.0535,0.169582821,0.787225963,360221323,19.70222919,7443695,15.82287792,0.7,94.65,18,6.07,0.49,1,0
2838,聯邦銀,201012,2010,1991,0.38,5.55,0.0555,0.065574385,6.641312738,365826462,19.71766963,7831314,15.87364087,0.93,94.45,19,6.3,0.45,0,0
2838,聯邦銀,201112,2011,1991,0.48,5.53,0.0553,0.065828059,8.131790748,401378015,19.81041422,8317157,15.93383105,0.74,94.47,20,6.3,0.45,0,0
2838,聯邦銀,201212,2012,1991,0.65,6.11,0.0611,0.035939764,19.78588373,413066015,19.83911798,9290531,16.04450627,0.73,93.89,21,13.74,0.38,0,0
2838,聯邦銀,201312,2013,1991,0.68,6.52,0.0652,0.008164966,91.26798782,440154972,19.90263743,10490546,16.16598503,0.85,93.48,22,13.7,0.4,0,0
2838,聯邦銀,201412,2014,1991,0.67,6.64,0.0664,0.009574271,76.91447151,486481573,20.00270958,10934941,16.20747382,0.79,93.36,23,13.54,0.43,0,0
2838,聯邦銀,201512,2015,1991,0.63,6.91,0.0691,0.019148542,36.50930678,508489197,20.04695453,11740722,16.27857387,0.7,93.09,24,22.26,0.45,0,0
2838,聯邦銀,201612,2016,1991,0.51,6.8,0.068,0.017078251,33.84421453,532706570,20.09348131,12011660,16.3013884,0.65,93.2,25,22.26,0.42,0,0
2838,聯邦銀,201712,2017,1991,0.5,8.52,0.0852,0.009574271,61.12214656,565616287,20.15342647,12471365,16.33894577,0.5,91.48,26,22.26,0.41,0,0
2838,聯邦銀,201812,2018,1991,0.49,7.73,0.0773,0.027537853,20.60073476,647586094,20.28876231,12732321,16.35965428,0.52,92.27,27,15,0.43,0,0
2838,聯邦銀,201912,2019,1991,0.5,8.09,0.0809,0.019148542,30.3365131,695161187,20.3596543,13866182,16.44496348,0.57,91.91,28,14.83,0.43,0,0
2838,聯邦銀,202012,2020,1991,0.47,7.95,0.0795,0.043588989,12.60639458,757558002,20.44561066,14430362,16.48484502,0.55,92.05,29,14.8,0.43,0,1
2838,聯邦銀,202112,2021,1991,0.56,7.83,0.0783,0.026299556,24.27037135,841589146,20.5508025,16688773,16.63024678,0.69,92.17,30,11.41,0.2,0,1
2838,聯邦銀,202212,2022,1991,0.42,7.47,0.0747,0.043493295,11.37416711,844999933,20.55484711,15985339,16.58718255,0.94,92.53,31,11.39,0.2,0,1
2838,聯邦銀,202312,2023,1991,0.48,7.52,0.0752,0.033665016,16.49189748,939147045,20.66048262,17934627,16.70224387,0.8,92.48,32,11.39,0.2,0,0
2845,遠東銀,200612,2006,1992,-0.53,5.74,0.0574,0.48542078,-0.973588317,345819404,19.66142724,8508033,15.95652133,1.48,94.26,14,8.06,0.82,0,0
2845,遠東銀,200712,2007,1992,-0.23,5.23,0.0523,0.296085573,-0.600164331,361406666,19.70551438,8329742,15.93534304,1.04,94.77,15,8.05,0.76,1,0
2845,遠東銀,200812,2008,1992,-0.74,5.39,0.0539,0.273130006,-2.511990575,359952248,19.70148194,5822181,15.57718549,0.69,94.61,16,10.64,0.59,1,0
2845,遠東銀,200912,2009,1992,0.12,5.51,0.0551,0.115902258,1.510755731,377052054,19.74789381,6218919,15.64310666,1.12,94.49,17,6.29,0.53,1,0
2845,遠東銀,201012,2010,1992,0.55,5.45,0.0545,0.04,15.1125,418356350,19.85184414,8747891,15.9843232,1.3,94.55,18,6.27,0.63,0,0
2845,遠東銀,201112,2011,1992,0.55,5.62,0.0562,0.069761498,8.689606924,438455110,19.89876799,8664276,15.97471892,0.97,94.38,19,6.25,0.89,0,0
2845,遠東銀,201212,2012,1992,0.56,5.68,0.0568,0.055976185,11.01897165,465583276,19.95880153,8507907,15.95650652,0.99,94.32,20,6.22,0.99,0,0
2845,遠東銀,201312,2013,1992,0.64,5.88,0.0588,0.062383224,11.20172945,492191720,20.01437887,9538062,16.07080088,1.02,94.12,21,6.19,1.09,0,0
2845,遠東銀,201412,2014,1992,0.73,6.91,0.0691,0.028722813,27.82109097,521977917,20.07313584,10876948,16.20215625,0.83,93.09,22,5.34,0.98,0,0
2845,遠東銀,201512,2015,1992,0.73,7.13,0.0713,0.023629078,33.91160652,546554881,20.11914528,11227727,16.2338969,0.76,92.87,23,8.55,0.75,0,0
2845,遠東銀,201612,2016,1992,0.59,7.29,0.0729,0.009574271,69.23764688,561415283,20.14597144,10747455,16.19017954,0.69,92.71,24,8.51,0.66,0,0
2845,遠東銀,201712,2017,1992,0.5,7.44,0.0744,0.040311289,14.24911031,575424280,20.1706182,10397129,16.15704027,0.71,92.56,25,7.81,0.54,0,0
2845,遠東銀,201812,2018,1992,0.59,7.13,0.0713,0.017320508,38.1801733,627351150,20.25701699,11218277,16.23305488,0.73,92.87,26,7.81,0.45,0,0
2845,遠東銀,201912,2019,1992,0.57,7.22,0.0722,0.0391578,16.40030832,654887550,20.2999741,11721680,16.27695068,0.85,92.78,27,7.81,0.43,0,0
2845,遠東銀,202012,2020,1992,0.38,7.17,0.0717,0.069940451,6.458351275,680290956,20.33803114,11215219,16.23278225,0.77,92.83,28,7.81,0.38,0,1
2845,遠東銀,202112,2021,1992,0.42,6.87,0.0687,0.012909944,37.85453923,723054513,20.39899518,10792889,16.19439805,0.76,93.13,29,7.81,0.39,0,1
2845,遠東銀,202212,2022,1992,0.5,7.42,0.0742,0.029860788,19.22923125,740539643,20.42288973,11738931,16.27842131,0.81,92.58,30,7.62,0.59,0,1
2845,遠東銀,202312,2023,1992,0.54,7.43,0.0743,0.040311289,15.23890749,792504492,20.49070873,12793675,16.36446147,0.87,92.57,31,7.62,0.59,0,0
2847,大眾銀,200612,2006,1992,-1.33,4.13,0.0413,0.644825558,-1.998525003,388682950,19.77827453,12925073,16.37467963,1.42,95.87,14,18.78,1.12,0,0
2847,大眾銀,200712,2007,1992,-2.18,7.47,0.0747,0.982051424,-2.143777757,321129446,19.58735486,10776192,16.19284981,1.23,92.53,15,31.03,0.66,1,0
2847,大眾銀,200812,2008,1992,-0.02,7.38,0.0738,0.139164172,0.386593757,327003727,19.60548213,7842462,15.87506337,0.55,92.62,16,31.24,0.43,1,0
2847,大眾銀,200912,2009,1992,0.4,6.9,0.069,0.032015621,14.64909887,381464959,19.75952955,7577476,15.84069072,0.82,93.1,17,28.64,0.39,1,0
2847,大眾銀,201012,2010,1992,0.24,6.52,0.0652,0.107199192,2.847036397,417202579,19.84908246,8795241,15.98972134,1.13,93.48,18,31.47,0.44,0,0
2847,大眾銀,201112,2011,1992,0.43,6.14,0.0614,0.031091264,15.80508299,469200503,19.96654075,8583389,15.96533938,0.6,93.86,19,31.56,0.4,0,0
2847,大眾銀,201212,2012,1992,0.29,6.48,0.0648,0.082613558,4.294694572,456548883,19.93920633,8738603,15.9832609,0.85,93.52,20,31.57,0.52,0,0
2847,大眾銀,201312,2013,1992,0.6,7.21,0.0721,0.071821538,9.357917108,453377585,19.93223586,9874310,16.10544699,0.88,92.79,21,15.56,0.56,0,0
2847,大眾銀,201412,2014,1992,0.6,7.57,0.0757,0.042426407,15.92640173,472643515,19.97385199,10291390,16.14681818,0.83,92.43,22,16.43,0.48,0,0
2847,大眾銀,201512,2015,1992,0.38,8.23,0.0823,0.11757976,3.931799141,455346323,19.93656884,9396038,16.05579867,1.09,91.77,23,16.41,0.72,0,0
2849,安泰銀,200612,2006,1993,-1.87,4.94,0.0494,0.693751877,-2.624281189,313141057,19.56216431,1940989,14.47870819,1.29,95.06,13,10.35,0.06,0,0
2849,安泰銀,200712,2007,1993,-5.55,4.88,0.0488,2.033699421,-2.705021177,291045487,19.48899013,-11173686,0,2.01,95.12,14,44.06,0.04,1,0
2849,安泰銀,200812,2008,1993,-2.02,6.54,0.0654,0.509967319,-3.832794625,279613056,19.44891726,1241227,14.03161096,1.02,93.46,15,39.43,0.04,1,0
2849,安泰銀,200912,2009,1993,0.03,6.04,0.0604,0.174068952,0.519334431,303725425,19.53163464,3755610,15.13876128,0.85,93.96,16,39.43,0.04,1,0
2849,安泰銀,201012,2010,1993,0.62,5.94,0.0594,0.23781996,2.856782922,341975136,19.65024859,5645243,15.5463238,1.38,94.06,17,45.45,0.04,0,0
2849,安泰銀,201112,2011,1993,0.62,5.82,0.0582,0.122610494,5.531337292,368141108,19.72397687,6243715,15.64708592,1.17,94.18,18,45.45,0.04,0,0
2849,安泰銀,201212,2012,1993,1.14,6.73,0.0673,0.129099445,9.351705588,359687112,19.70074508,8753391,15.98495173,1.12,93.27,19,29.54,0.04,0,0
2849,安泰銀,201312,2013,1993,0.75,7.25,0.0725,0.118988795,6.912415577,348246710,19.66842172,6561519,15.69673269,0.99,92.75,20,19.92,0.03,0,0
2849,安泰銀,201412,2014,1993,0.94,8.35,0.0835,0.046904158,21.82109332,335076452,19.62986928,7184254,15.78740224,0.96,91.65,21,19.92,0.03,0,0
2849,安泰銀,201512,2015,1993,1,9.45,0.0945,0.072743843,15.04594695,322504805,19.59162859,7857423,15.87696925,1.04,90.55,22,19.92,0.03,0,0
2849,安泰銀,201612,2016,1993,0.34,10.01,0.1001,0.047258156,9.312678166,304636779,19.53463074,6300172,15.65608749,0.8,89.99,23,19.92,0,0,0
2849,安泰銀,201712,2017,1993,0.69,10.38,0.1038,0.018929694,41.93411577,306770619,19.54161086,6359545,15.66546739,0.72,89.62,24,20.37,0,0,0
2849,安泰銀,201812,2018,1993,0.71,10.69,0.1069,0.041932485,19.48131602,311491162,19.55688152,6409398,15.67327591,0.71,89.31,25,20.98,0,0,0
2849,安泰銀,201912,2019,1993,0.67,11.01,0.1101,0.023804761,32.77075481,306071408,19.53932899,6413132,15.67385832,0.92,88.99,26,21.88,0,0,0
2849,安泰銀,202012,2020,1993,0.7,11.08,0.1108,0.053150729,15.2547296,311461016,19.55678474,5846961,15.5814326,0.91,88.92,27,21.88,0,0,1
2849,安泰銀,202112,2021,1993,0.72,10.46,0.1046,0.030956959,26.63698299,333070977,19.62386617,5937038,15.59672091,0.92,89.54,28,21.88,0,0,1
2849,安泰銀,202212,2022,1993,0.31,9.38,0.0938,0.161322658,2.503058187,348715801,19.66976782,5981753,15.60422423,0.88,90.62,29,21.89,0,0,1
2849,安泰銀,202312,2023,1993,0.32,9.93,0.0993,0.172626765,2.428939684,337852838,19.63812097,5822805,15.57729266,0.86,90.07,30,21.89,0,0,0
2880,華南金,200612,2006,2001,0.4,5.42,0.0542,0.067019898,6.777091829,1674566493,21.23882016,36747727,17.41958693,1.59,94.58,5,36.35,0.01,0,0
2880,華南金,200712,2007,2001,0.55,5.51,0.0551,0.055602758,10.88255376,1670246329,21.23623695,42012848,17.55348603,1.38,94.49,6,31.67,0.01,1,0
2880,華南金,200812,2008,2001,0.54,5.25,0.0525,0.079320027,7.469740281,1710153171,21.25984878,34744224,17.3635239,1.25,94.75,7,27.17,0.01,1,0
2880,華南金,200912,2009,2001,0.25,5.16,0.0516,0.036968455,8.158306854,1816498748,21.32017672,33480799,17.32648267,1.35,94.84,8,27.17,0.01,1,0
2880,華南金,201012,2010,2001,0.33,5.34,0.0534,0.03,12.78,1880637813,21.35487682,32450984,17.29524132,1.6,94.66,9,26.99,0.01,0,0
2880,華南金,201112,2011,2001,0.44,6.36,0.0636,0.008164966,61.67815172,1975025894,21.40384735,34034469,17.34288436,1.07,93.64,10,23.11,0.01,0,0
2880,華南金,201212,2012,2001,0.44,6.27,0.0627,0.029439203,17.07586995,2066649295,21.44919443,33905810,17.33909694,1.12,93.73,11,23.11,0.01,0,0
2880,華南金,201312,2013,2001,0.48,6.27,0.0627,0.009574271,56.68316633,2164728571,21.49556082,35522079,17.385665,1.16,93.73,12,25.3,0.01,0,0
2880,華南金,201412,2014,2001,0.59,6.37,0.0637,0.008164966,80.06157224,2259951646,21.53860925,38817038,17.47436983,1.15,93.63,13,25.3,0.01,0,0
2880,華南金,201512,2015,2001,0.61,6.51,0.0651,0.017078251,39.52980835,2350288574,21.57780396,39565414,17.49346591,0.99,93.49,14,25.3,0.01,0,0
2880,華南金,201612,2016,2001,0.58,6.24,0.0624,0.023629078,27.18684142,2545941962,21.65776654,42232422,17.55869878,1.08,93.76,15,25.2,0.01,0,0
2880,華南金,201712,2017,2001,0.47,6.38,0.0638,0.034641016,15.40947868,2573419750,21.66850149,42220548,17.55841758,1.13,93.62,16,25.2,0.01,0,0
2880,華南金,201812,2018,2001,0.56,6.49,0.0649,0.024494897,25.51143567,2684206863,21.71065113,46002484,17.64420595,1.16,93.51,17,25.23,0.01,0,0
2880,華南金,201912,2019,2001,0.59,6.91,0.0691,0.027080128,24.33888051,2731828227,21.7282369,46704333,17.6593475,1.42,93.09,18,25.26,0.01,0,0
2880,華南金,202012,2020,2001,0.3,6.11,0.0611,0.082209083,4.392458676,3101082238,21.855017,39964524,17.50350272,1.24,93.89,19,25.26,0.01,0,1
2880,華南金,202112,2021,2001,0.52,5.8,0.058,0.030956959,18.67108436,3460953918,21.96481009,51072538,17.74875749,1.39,94.2,20,25.26,0.01,0,1
2880,華南金,202212,2022,2001,0.49,5.09,0.0509,0.029439203,18.37345943,3630161728,22.01254304,53666752,17.79830422,1.66,94.91,21,25.26,0.01,0,1
2880,華南金,202312,2023,2001,0.58,5.37,0.0537,0.02081666,30.44196332,3869201779,22.07631406,59467447,17.90093961,1.47,94.63,22,25.26,0.01,0,0
2881,富邦金,200612,2006,2001,0.48,9.73,0.0973,0.115866302,4.982466763,1724542250,21.26822749,121688801,18.61697753,1.44,90.27,5,24.64,0.02,0,0
2881,富邦金,200712,2007,2001,0.85,9.39,0.0939,0.136747943,6.902480411,1812744531,21.31810785,136576159,18.73239296,1.34,90.61,6,24.64,0.02,1,0
2881,富邦金,200812,2008,2001,0.58,7.39,0.0739,0.084261498,7.760365263,2006720475,21.41976762,195557693,19.091366,1.28,92.61,7,24.64,0.02,1,0
2881,富邦金,200912,2009,2001,0.78,6.96,0.0696,0.084212034,10.08881937,3060253327,21.84176354,355419090,19.68880819,1.53,93.04,8,23.38,0.02,1,0
2881,富邦金,201012,2010,2001,0.64,6.44,0.0644,0.131656118,5.350302076,3452775166,21.96244414,262813153,19.38695389,1.58,93.56,9,23.31,0.02,0,0
2881,富邦金,201112,2011,2001,0.87,6.45,0.0645,0.202710796,4.610015945,3622862534,22.01053031,241778852,19.30353403,1.24,93.55,10,23.23,0.06,0,0
2881,富邦金,201212,2012,2001,0.75,7.89,0.0789,0.085049005,9.746145711,4125983252,22.14057019,369032813,19.72639612,1.03,92.11,11,23.08,0.12,0,0
2881,富邦金,201312,2013,2001,0.88,7.44,0.0744,0.046457866,20.54334557,4596971814,22.24866362,380182294,19.75616142,1.31,92.56,12,21.51,0.03,0,0
2881,富邦金,201412,2014,2001,1.21,7.65,0.0765,0.147422296,8.726631152,5438357764,22.41674297,381835325,19.76049999,1.27,92.35,13,21.51,0.09,0,0
2881,富邦金,201512,2015,2001,1.12,6.28,0.0628,0.1396424,8.47020673,5987467814,22.51293442,430242760,19.87986017,1.25,93.72,14,21.51,0.05,0,0
2881,富邦金,201612,2016,2001,0.79,6.72,0.0672,0.070237692,12.20427351,6351258272,22.57191878,438922708,19.89983389,1.22,93.28,15,21.56,0.04,0,0
2881,富邦金,201712,2017,2001,0.81,7.06,0.0706,0.118427193,7.435792228,6919453986,22.6576027,406144966,19.82222071,1.06,92.94,16,21.56,0.04,0,0
2881,富邦金,201812,2018,2001,0.65,6.08,0.0608,0.134907376,5.268800143,7715059808,22.76644007,410933257,19.83394137,1.05,93.92,17,21.56,0.04,0,0
2881,富邦金,201912,2019,2001,0.73,7.25,0.0725,0.103440804,7.758060325,8547701633,22.86892827,447992422,19.92028688,0.78,92.75,18,21.56,0.04,0,0
2881,富邦金,202012,2020,2001,1.02,8.4,0.084,0.07804913,14.14493669,9244452655,22.9472895,476506085,19.98199105,0.63,91.6,19,27.77,0.18,0,1
2881,富邦金,202112,2021,2001,1.49,9.37,0.0937,0.172143351,9.199890613,10499733326,23.0746157,485832177,20.00137381,0.95,90.63,20,27.54,1.18,0,1
2881,富邦金,202212,2022,2001,0.45,5.42,0.0542,0.336699668,1.497476972,10587756710,23.08296414,259458299,19.37410655,1.23,94.58,21,27.54,1.18,0,1
2881,富邦金,202312,2023,2001,0.6,7.35,0.0735,0.127279221,5.291515746,11106312242,23.13077945,167798693,18.93827556,1.05,92.65,22,27.5,1.03,0,0
2882,國泰金,200612,2006,2001,0.23,6.35,0.0635,0.166032125,1.767730186,3447513688,21.96091914,81003805,18.21000669,3.15,93.65,5,15.79,0.01,0,0
2882,國泰金,200712,2007,2001,0.86,6.24,0.0624,0.228819434,4.031126134,3686693693,22.02799588,93657268,18.35515259,2.77,93.76,6,15.52,0.01,1,0
2882,國泰金,200812,2008,2001,0.05,3.88,0.0388,0.145,0.612413793,3746164521,22.04399836,53700660,17.79893585,2.5,96.12,7,15.52,0,1,0
2882,國泰金,200912,2009,2001,0.27,5.02,0.0502,0.049244289,6.502276842,4295536021,22.18084219,322804058,19.59255607,2.72,94.98,8,15.63,0,1,0
2882,國泰金,201012,2010,2001,0.1,4.75,0.0475,0.059721576,2.469794157,4689189510,22.26852559,281442259,19.45543787,2.4,95.25,9,2.42,0,0,0
2882,國泰金,201112,2011,2001,0.23,4.35,0.0435,0.053150729,5.14574315,5005402780,22.33378372,254786719,19.35593736,1.59,95.65,10,2.42,0.03,0,0
2882,國泰金,201212,2012,2001,0.31,5.79,0.0579,0.041932485,8.773627328,5589730414,22.4441969,377101966,19.74802618,1.07,94.21,11,2.42,0.03,0,0
2882,國泰金,201312,2013,2001,0.65,6.14,0.0614,0.029860788,23.8238856,6177272661,22.54414269,392129712,19.78710324,1.54,93.86,12,2.26,0.05,0,0
2882,國泰金,201412,2014,2001,0.76,6.32,0.0632,0.087559504,9.401606523,6944837236,22.66126438,407317517,19.82510358,1.36,93.68,13,2.34,0.01,0,0
2882,國泰金,201512,2015,2001,0.8,6.09,0.0609,0.12396236,6.94485004,7568975033,22.7473235,441265039,19.90515625,1.28,93.91,14,2.36,0.01,0,0
2882,國泰金,201612,2016,2001,0.61,6.51,0.0651,0.110905365,6.087171704,8135137467,22.81945848,539237401,20.10566648,1.16,93.49,15,1.7,0.01,0,0
2882,國泰金,201712,2017,2001,0.67,6.88,0.0688,0.066520673,11.10632171,8841510289,22.90272355,584453274,20.18618739,1.12,93.12,16,1.7,0.01,0,0
2882,國泰金,201812,2018,2001,0.57,5.74,0.0574,0.125,5.0192,9224483506,22.94512704,473311887,19.97526511,1.14,94.26,17,1.7,0,0,0
2882,國泰金,201912,2019,2001,0.66,7.77,0.0777,0.040311289,18.30008474,10065479341,23.03237752,555887198,20.13607595,0.73,92.23,18,1.56,0.01,0,0
2882,國泰金,202012,2020,2001,0.72,8.26,0.0826,0.099791449,8.042773268,10950472444,23.11664844,629914485,20.26109463,0.62,91.74,19,1.33,0.08,0,1
2882,國泰金,202112,2021,2001,1.25,7.88,0.0788,0.150858653,8.80824513,11594361461,23.17378474,625962605,20.25480119,0.91,92.12,20,1.33,0.08,0,1
2882,國泰金,202212,2022,2001,0.32,5.07,0.0507,0.183371208,2.021582361,12070885583,23.21406224,341433658,19.64866395,0.98,94.93,21,1.28,0.09,0,1
2882,國泰金,202312,2023,2001,0.41,6.26,0.0626,0.130766968,3.614062528,12811120326,23.27357941,304172639,19.53310599,0.85,93.74,22,1.28,0.09,0,0
2883,開發金,200612,2006,2001,4.35,43.29,0.4329,0.315858618,15.14253443,371975745,19.73433921,21064281,16.86308932,1,56.71,5,7.66,0.01,0,0
2883,開發金,200712,2007,2001,2.09,38.97,0.3897,1.260909064,1.966597014,365265241,19.71613434,15263738,16.54099051,0.99,61.03,6,8.95,0.08,1,0
2883,開發金,200812,2008,2001,-2.17,39.51,0.3951,1.184915609,-1.497912583,289113713,19.48233064,-1452792,0,0.72,60.49,7,8.96,0.07,1,0
2883,開發金,200912,2009,2001,2.53,45.77,0.4577,0.581090928,5.141536128,288132895,19.47893237,11822044,16.28547648,0.84,54.23,8,8.97,0.05,1,0
2883,開發金,201012,2010,2001,2.77,38.63,0.3863,0.359849506,8.771166699,335961869,19.63250823,14525288,16.49140169,1.12,61.37,9,8.97,0.21,0,0
2883,開發金,201112,2011,2001,0.49,35.88,0.3588,0.263944439,3.215828318,331676782,19.6196715,7205387,15.7903395,0.81,64.12,10,9.12,0.67,0,0
2883,開發金,201212,2012,2001,1.7,31.6,0.316,0.213756092,9.43131017,521698790,20.07260095,17367405,16.67010573,0.73,68.4,11,5.72,0.52,0,0
2883,開發金,201312,2013,2001,1.44,26.1,0.261,0.079739158,21.33205367,647943022,20.28931332,24709746,17.0227083,0.83,73.9,12,4.42,0.48,0,0
2883,開發金,201412,2014,2001,1.38,19.14,0.1914,0.056789083,27.67081108,919701218,20.63955941,28621987,17.16968576,0.91,80.86,13,4.33,0.48,0,0
2883,開發金,201512,2015,2001,0.96,19.47,0.1947,0.086554414,13.3407407,866719175,20.58022558,29708611,17.20694749,0.75,80.53,14,5.76,0.36,0,0
2883,開發金,201612,2016,2001,0.68,18.73,0.1873,0.081853528,10.59575591,892197509,20.60919809,27127728,17.11606694,0.74,81.27,15,6.03,0.36,0,0
2883,開發金,201712,2017,2001,0.75,10.42,0.1042,0.080983537,10.54782277,2392524390,21.59561488,85413651,18.26301649,0.91,89.58,16,6.35,0.24,0,0
2883,開發金,201812,2018,2001,0.5,8.23,0.0823,0.11757976,4.952382954,2717814828,21.72309402,252349877,19.34632708,0.91,91.77,17,6.36,0.19,0,0
2883,開發金,201912,2019,2001,0.68,9.79,0.0979,0.068495742,11.35691034,3027288004,21.83093301,239327562,19.29334372,0.78,90.21,18,1.45,0.14,0,0
2883,開發金,202012,2020,2001,0.64,9.68,0.0968,0.103601802,7.111845424,3434618475,21.95717169,224824427,19.23083033,0.69,90.32,19,1.45,0.18,0,1
2883,開發金,202112,2021,2001,1.37,8.47,0.0847,0.159869739,9.099283031,3458639948,21.96414127,192278170,19.07445368,1.03,91.53,20,1.27,0.37,0,1
2883,開發金,202212,2022,2001,0.47,5.9,0.059,0.166808273,3.171305535,3537148350,21.98658669,95317153,18.37272034,1.02,94.1,21,1.3,0.12,0,1
2883,開發金,202312,2023,2001,0.53,7.21,0.0721,0.07393691,8.143429305,3648212053,22.01750304,39552047,17.49312801,0.8,92.79,22,1.3,0.16,0,0
2884,玉山金,200612,2006,2002,0.05,6.57,0.0657,0.296802403,0.389821641,693789270,20.35767883,13535328,16.42081371,1.64,93.43,4,13.24,0.44,0,0
2884,玉山金,200712,2007,2002,0.45,6.2,0.062,0.205649378,2.48967444,772181984,20.46473081,14241680,16.47168343,1.16,93.8,5,13.05,0.44,1,0
2884,玉山金,200812,2008,2002,0.13,5.88,0.0588,0.094692485,1.99382243,829466962,20.53629384,14164310,16.46623598,0.63,94.12,6,7.76,0.36,1,0
2884,玉山金,200912,2009,2002,0.22,5.51,0.0551,0.017078251,16.1082066,942318369,20.66385375,13258951,16.40018343,0.94,94.49,7,7.75,0.44,1,0
2884,玉山金,201012,2010,2002,0.39,5.09,0.0509,0.015,29.39333333,1084528368,20.80441105,17415361,16.67286319,1.38,94.91,8,7.77,0.43,0,0
2884,玉山金,201112,2011,2002,0.31,5.68,0.0568,0.099121138,3.700522486,1155491362,20.86779151,20205264,16.82145372,0.91,94.32,9,7.35,0.48,0,0
2884,玉山金,201212,2012,2002,0.59,6,0.06,0.028722813,22.63009527,1245954037,20.94316737,23348754,16.96605418,1.09,94,10,7.12,0.39,0,0
2884,玉山金,201312,2013,2002,0.64,6.03,0.0603,0.017078251,41.00536927,1381074947,21.04612798,26747426,17.1019488,1.32,93.97,11,7.19,0.38,0,0
2884,玉山金,201412,2014,2002,0.72,6.87,0.0687,0.026299556,29.98909898,1566419858,21.17205851,32754519,17.3045515,1.3,93.13,12,3.73,0.39,0,0
2884,玉山金,201512,2015,2002,0.77,6.85,0.0685,0.035939764,23.33070385,1775283931,21.29722621,38489329,17.46589159,1.26,93.15,13,2.47,0.33,0,0
2884,玉山金,201612,2016,2002,0.71,6.86,0.0686,0.039475731,19.72351066,1884300190,21.35682234,41064832,17.53066264,1.25,93.14,14,2.49,0.32,0,0
2884,玉山金,201712,2017,2002,0.74,7.18,0.0718,0.018929694,42.88500275,2074388287,21.45293215,46107189,17.64647944,1.29,92.82,15,2.51,0.34,0,0
2884,玉山金,201812,2018,2002,0.78,7,0.07,0.025819889,32.92035844,2287787032,21.55085083,49429234,17.71605259,1.36,93,16,2.57,0.39,0,0
2884,玉山金,201912,2019,2002,0.84,6.93,0.0693,0.026299556,34.57472766,2498358191,21.63889963,54522618,17.81412618,1.87,93.07,17,2.58,0.41,0,0
2884,玉山金,202012,2020,2002,0.66,6.11,0.0611,0.022173558,32.52071705,2971744682,21.81241505,56249044,17.8452996,1.77,93.89,18,1.92,0.24,0,1
2884,玉山金,202112,2021,2002,0.66,6.02,0.0602,0.017078251,42.17059395,3230908277,21.89602913,57897440,17.87418373,1.93,93.98,19,1.92,0.21,0,1
2884,玉山金,202212,2022,2002,0.47,5.66,0.0566,0.023804761,22.12162477,3479560474,21.97017182,54805919,17.81930876,1.74,94.34,20,1.92,0.17,0,1
2884,玉山金,202312,2023,2002,0.61,6.5,0.065,0.02081666,32.42595115,3638497500,22.01483666,66695571,18.01564911,1.71,93.5,21,1.59,0.17,0,0
2885,元大金,200612,2006,2002,-0.85,8.55,0.0855,0.403773864,-1.893386541,427800773,19.87416816,12510551,16.34208293,1.41,91.45,4,19.01,0.12,0,0
2885,元大金,200712,2007,2002,1.25,20.21,0.2021,0.717123885,2.024894206,539724739,20.10656982,25166316,17.04101699,1.62,79.79,5,5.94,0.04,1,0
2885,元大金,200812,2008,2002,0.33,20.8,0.208,0.427200187,1.259362744,519628155,20.06862403,20579665,16.83981401,1.1,79.2,6,6.12,0.05,1,0
2885,元大金,200912,2009,2002,1.38,21.43,0.2143,0.109962115,14.49862986,538680842,20.10463382,24705322,17.02252924,1.65,78.57,7,5.17,0.05,1,0
2885,元大金,201012,2010,2002,1.4,18.3,0.183,0.121928941,12.98297177,638674732,20.27490586,25701543,17.06206159,1.52,81.7,8,5.22,0.05,0,0
2885,元大金,201112,2011,2002,1.93,19.79,0.1979,0.550355945,3.866406855,767992148,20.45929007,32048850,17.28277186,1.04,80.21,9,4.64,0.06,0,0
2885,元大金,201212,2012,2002,0.85,19.54,0.1954,0.11045361,9.464606891,824093058,20.52979402,28526740,17.16635245,0.95,80.46,10,4.64,0.06,0,0
2885,元大金,201312,2013,2002,0.96,18.68,0.1868,0.042426407,27.03033522,865094056,20.57834879,28697569,17.17232297,1.11,81.32,11,4.69,0.05,0,0
2885,元大金,201412,2014,2002,1.52,14.32,0.1432,0.25811819,6.443559829,1291764563,20.979275,54609933,17.81572635,0.92,85.68,12,4.69,0.05,0,0
2885,元大金,201512,2015,2002,0.84,12.72,0.1272,0.119163753,8.116562097,1551145202,21.16225934,69791148,18.06101774,0.71,87.28,13,4.56,0.06,0,0
2885,元大金,201612,2016,2002,0.77,10.17,0.1017,0.032015621,27.22733365,2162245584,21.49441314,83941734,18.24563347,0.71,89.83,14,4.28,0.07,0,0
2885,元大金,201712,2017,2002,0.81,10.03,0.1003,0.060553007,15.03310973,2273645210,21.5446502,93784918,18.35651461,0.78,89.97,15,4.32,0.08,0,0
2885,元大金,201812,2018,2002,0.9,10.36,0.1036,0.08346656,12.023977,2287133925,21.55056531,101279573,18.4333953,0.82,89.64,16,4.47,0.09,0,0
2885,元大金,201912,2019,2002,0.94,10.36,0.1036,0.058022984,17.98597606,2414319106,21.60468314,107608077,18.49400627,1.02,89.64,17,4.63,0.07,0,0
2885,元大金,202012,2020,2002,1,9.92,0.0992,0.081802608,13.43722441,2757725203,21.73767198,115628866,18.56589619,0.98,90.08,18,4.63,0.08,0,1
2885,元大金,202112,2021,2002,1.29,9.56,0.0956,0.07804913,17.75292054,3023019302,21.82952194,119240503,18.59665305,1.14,90.44,19,4.64,0.09,0,1
2885,元大金,202212,2022,2002,0.75,9.2,0.092,0.08845903,9.518530775,3016118537,21.82723659,91501882,18.3318701,1.06,90.8,20,4.64,0.09,0,1
2885,元大金,202312,2023,2002,0.9,9.35,0.0935,0.088081402,11.27933911,3298659820,21.91678211,98089883,18.40139479,1.22,90.65,21,4.64,0.09,0,0
2886,兆豐金,200612,2006,2002,0.67,8.95,0.0895,0.120138809,6.321853936,2238144690,21.5289131,47082466,17.66741122,1.34,91.05,4,28.2,0,0,0
2886,兆豐金,200712,2007,2002,0.75,8.41,0.0841,0.057373048,14.53818518,2313760737,21.56214006,47149024,17.66882387,1.14,91.59,5,24.5,0,1,0
2886,兆豐金,200812,2008,2002,0.01,7.39,0.0739,0.125166556,0.670306853,2409612820,21.60273192,31337134,17.26031434,0.71,92.61,6,24.01,0,1,0
2886,兆豐金,200912,2009,2002,0.58,7.86,0.0786,0.022173558,29.70204444,2497531583,21.63856871,46432302,17.65350594,1.05,92.14,7,9.99,0.01,1,0
2886,兆豐金,201012,2010,2002,0.61,8.02,0.0802,0.020615528,33.47961768,2509847995,21.64348803,42411125,17.56292127,1.24,91.98,8,10,0,0,0
2886,兆豐金,201112,2011,2002,0.69,7.76,0.0776,0.035939764,21.35795858,2618401935,21.68583002,45736175,17.63840012,1.12,92.24,9,10,0,0,0
2886,兆豐金,201212,2012,2002,0.78,7.72,0.0772,0.055602758,15.41650154,2726969297,21.72645668,51814717,17.76318478,1.23,92.28,10,18.84,0.01,0,0
2886,兆豐金,201312,2013,2002,0.77,7.76,0.0776,0.040824829,20.76187506,3113628418,21.85905458,55008468,17.82299769,1.29,92.24,11,18.02,0.03,0,0
2886,兆豐金,201412,2014,2002,0.95,7.98,0.0798,0.033040379,31.16792303,3270637937,21.90825089,60504967,17.91823602,1.17,92.02,12,18.1,0.02,0,0
2886,兆豐金,201512,2015,2002,0.88,8.63,0.0863,0.025,38.652,3398518306,21.94660538,60228306,17.913653,0.98,91.37,13,20.41,0.03,0,0
2886,兆豐金,201612,2016,2002,0.67,8.8,0.088,0.089628864,8.457096998,3319791416,21.92316779,55064120,17.82400888,1.07,91.2,14,20.48,0.01,0,0
2886,兆豐金,201712,2017,2002,0.75,8.4,0.084,0.0585235,14.25068573,3547292507,21.98945048,59660388,17.90417884,1.1,91.6,15,20.54,0.01,0,0
2886,兆豐金,201812,2018,2002,0.79,8.87,0.0887,0.033665016,26.10127938,3542059361,21.98797414,61609407,17.93632513,1.12,91.13,16,20.59,0.02,0,0
2886,兆豐金,201912,2019,2002,0.8,8.8,0.088,0.023804761,37.30346144,3683547780,22.0271422,65274862,17.99411756,1.28,91.2,17,20.59,0.02,0,0
2886,兆豐金,202012,2020,2002,0.66,8.47,0.0847,0.085049005,8.756128256,3856376532,22.07299386,60809922,17.92326352,1.24,91.53,18,20.59,0.02,0,1
2886,兆豐金,202112,2021,2002,0.64,7.88,0.0788,0.012909944,55.67800859,4168264859,22.15076569,60230846,17.91369517,1.47,92.12,19,20.59,0.02,0,1
2886,兆豐金,202212,2022,2002,0.45,7.38,0.0738,0.045092498,11.61612305,4060987347,22.12469197,56049653,17.84174852,1.41,92.62,20,20.59,0.01,0,1
2886,兆豐金,202312,2023,2002,0.79,7.64,0.0764,0.049244289,17.59391835,4394765193,22.20367994,77321920,18.16348804,1.68,92.36,21,20.59,0.01,0,0
2887,台新金,200612,2006,2002,-0.34,6.56,0.0656,0.648742373,-0.422972217,2330583988,21.56938471,52908651,17.78407742,1.21,93.44,4,8.38,0.27,0,0
2887,台新金,200712,2007,2002,0.46,6.74,0.0674,0.463644979,1.137508274,2338947054,21.57296669,60560385,17.91915152,0.82,93.26,5,9.33,0.24,1,0
2887,台新金,200812,2008,2002,-0.07,6.26,0.0626,0.106262254,-0.069639027,2352418553,21.57870981,48577578,17.69867262,0.39,93.74,6,9.33,0.26,1,0
2887,台新金,200912,2009,2002,0.44,6.58,0.0658,0.235372046,2.148938282,2374790405,21.58817502,55537898,17.83257619,0.77,93.42,7,9.33,0.21,1,0
2887,台新金,201012,2010,2002,0.57,6.74,0.0674,0.039475731,16.14662946,2469132426,21.62713268,53434399,17.79396527,1.03,93.26,8,9.3,0.22,0,0
2887,台新金,201112,2011,2002,0.64,6.88,0.0688,0.052915026,13.39506092,2621977996,21.68719483,46037210,17.64496054,0.63,93.12,9,9.29,0.1,0,0
2887,台新金,201212,2012,2002,0.63,6.69,0.0669,0.051881275,13.43259208,2727365846,21.72660209,49424761,17.71596209,0.79,93.31,10,3.43,0.1,0,0
2887,台新金,201312,2013,2002,0.73,6.9,0.069,0.040414519,19.77012279,2870986686,21.7779216,55827233,17.83777235,0.99,93.1,11,2.68,0.13,0,0
2887,台新金,201412,2014,2002,0.45,8.26,0.0826,0.342186596,1.556460732,1382953378,21.04748718,44639686,17.61413384,1.01,91.74,12,2.64,0.12,0,0
2887,台新金,201512,2015,2002,0.91,8.22,0.0822,0.090323493,10.98496051,1520230642,21.1421279,37507827,17.44006019,0.81,91.78,13,2.08,0.12,0,0
2887,台新金,201612,2016,2002,0.74,9.44,0.0944,0.066017674,12.63903958,1576985727,21.17878109,36151405,17.40322637,0.76,90.56,14,2.08,0.12,0,0
2887,台新金,201712,2017,2002,0.8,9.26,0.0926,0.028722813,31.07634314,1677520316,21.24058254,37801901,17.44786995,0.89,90.74,15,2.07,0.11,0,0
2887,台新金,201812,2018,2002,0.75,9.77,0.0977,0.063966137,13.25232446,1786893517,21.30374448,39748323,17.49807821,0.78,90.23,16,3.78,0.09,0,0
2887,台新金,201912,2019,2002,0.76,8.81,0.0881,0.045460606,18.65571274,2030941331,21.43176523,43641411,17.59151705,0.86,91.19,17,4.14,0.09,0,0
2887,台新金,202012,2020,2002,0.69,8.47,0.0847,0.055,14.08545455,2196059206,21.50993032,44144849,17.60298681,0.78,91.53,18,4.24,0.09,0,1
2887,台新金,202112,2021,2002,0.86,7.88,0.0788,0.107548439,8.729089993,2512560489,21.64456819,63764098,17.97070086,1.09,92.12,19,4.24,0.1,0,1
2887,台新金,202212,2022,2002,0.56,7.34,0.0734,0.073200638,8.652930104,2764804547,21.74023578,66442470,18.01184702,0.89,92.66,20,4.24,0.12,0,1
2887,台新金,202312,2023,2002,0.5,7.13,0.0713,0.042031734,13.59211113,3035951370,21.83379068,69918050,18.0628344,1.04,92.87,21,4.24,0.14,0,0
2888,新光金,200612,2006,2002,0.36,6.09,0.0609,0.257293607,1.635874305,1492327869,21.12360307,38315688,17.46136998,1.87,93.91,4,12.67,0.04,0,0
2888,新光金,200712,2007,2002,0.32,5.93,0.0593,0.389272826,0.974380882,1688114266,21.24687792,107253548,18.4907062,1.34,94.07,5,12.3,0.04,1,0
2888,新光金,200812,2008,2002,-1.3,3.23,0.0323,0.279880927,-4.529426186,1741052083,21.27775541,86403119,18.27453433,1.25,96.77,6,12.02,0.02,1,0
2888,新光金,200912,2009,2002,0.12,4.87,0.0487,0.05057997,3.335312398,1902090155,21.3662192,147246646,18.8076196,1.32,95.13,7,9.58,0.02,1,0
2888,新光金,201012,2010,2002,0.17,4.92,0.0492,0.162685791,1.347382573,2064160840,21.44798961,122061272,18.62003371,1.36,95.08,8,9.47,0.02,0,0
2888,新光金,201112,2011,2002,0.28,3.86,0.0386,0.096263527,3.309664723,2136220013,21.48230376,56885686,17.8565543,1.04,96.14,9,9.46,0.01,0,0
2888,新光金,201212,2012,2002,0.48,4.07,0.0407,0.094295634,5.52199477,2351243100,21.57821,134059793,18.71379647,0.84,95.93,10,9.46,0.01,0,0
2888,新光金,201312,2013,2002,0.43,4.53,0.0453,0.167531092,2.837085316,2535233401,21.65355154,147996743,18.81270082,0.95,95.47,11,9.34,0.01,0,0
2888,新光金,201412,2014,2002,0.29,4.49,0.0449,0.063442888,5.278763501,2793793206,21.75066608,185684454,19.03955931,0.8,95.51,12,9.68,0.01,0,0
2888,新光金,201512,2015,2002,0.24,4.16,0.0416,0.090691786,3.105022111,2963070917,21.80949204,204972493,19.13838635,0.68,95.84,13,9.69,0.01,0,0
2888,新光金,201612,2016,2002,0.17,4.29,0.0429,0.088317609,2.410617806,3157672572,21.87310107,233947367,19.27060672,0.67,95.71,14,9.69,0.01,0,0
2888,新光金,201712,2017,2002,0.34,4.61,0.0461,0.156498136,2.467122032,3384388449,21.94243906,237215826,19.28448094,0.76,95.39,15,10.13,0.03,0,0
2888,新光金,201812,2018,2002,0.3,3.96,0.0396,0.302103735,1.124117185,3648467252,22.01757299,252859691,19.34834531,0.76,96.04,16,8.59,0.02,0,0
2888,新光金,201912,2019,2002,0.52,5.9,0.059,0.100124922,5.782776042,4029813719,22.11698599,279245026,19.44760018,0.55,94.1,17,8.65,0.01,0,0
2888,新光金,202012,2020,2002,0.34,5.54,0.0554,0.148884743,2.655745594,4357123796,22.195078,268137149,19.40700916,0.48,94.46,18,4.09,0.01,0,1
2888,新光金,202112,2021,2002,0.5,5.62,0.0562,0.08660254,6.422444394,4685262887,22.26768786,216512146,19.19315721,0.59,94.38,19,3.97,0.01,0,1
2888,新光金,202212,2022,2002,0.05,4.37,0.0437,0.13662601,0.685813776,4850699248,22.30238871,100907716,18.42971695,0.64,95.63,20,3.63,0.02,0,1
2888,新光金,202312,2023,2002,-0.15,4.97,0.0497,0.145,-0.691724138,4953494191,22.32335906,25405384,17.05047168,0.56,95.03,21,4.04,0.01,0,0
2890,永豐金,200612,2006,2002,0.18,7.62,0.0762,0.123119183,2.080910487,1125434403,20.84143493,32833943,17.30697339,1.45,92.38,4,5.61,0.14,0,0
2890,永豐金,200712,2007,2002,0.22,7.69,0.0769,0.234093998,1.268293943,1123616058,20.83981794,29293575,17.19287877,1,92.31,5,6.26,0.16,1,0
2890,永豐金,200812,2008,2002,-0.33,7.36,0.0736,0.111766125,-2.294076137,1109617301,20.82728102,18871653,16.75317151,0.61,92.64,6,4.96,0.11,1,0
2890,永豐金,200912,2009,2002,0.08,7.36,0.0736,0.100124922,1.534083593,1126608308,20.84247746,22904205,16.94683108,1.09,92.64,7,5.05,0.06,1,0
2890,永豐金,201012,2010,2002,0.43,7.05,0.0705,0.049244289,10.16361511,1230883991,20.93099844,26017241,17.07426999,1.09,92.95,8,5.03,0.04,0,0
2890,永豐金,201112,2011,2002,0.24,6.93,0.0693,0.102102889,3.029297233,1299962198,20.98560102,24434214,17.01149492,0.75,93.07,9,5.3,0.03,0,0
2890,永豐金,201212,2012,2002,0.72,7.16,0.0716,0.027537853,28.74588689,1365708766,21.03493937,28171190,17.15381038,0.96,92.84,10,5.13,0.03,0,0
2890,永豐金,201312,2013,2002,0.76,7.4,0.074,0.023094011,36.11325934,1465944950,21.10576589,32977107,17.31132415,1.12,92.6,11,5.35,0.04,0,0
2890,永豐金,201412,2014,2002,0.86,8.1,0.081,0.078528127,11.98296764,1549733836,21.16134903,38497336,17.4660996,0.98,91.9,12,4.88,0.04,0,0
2890,永豐金,201512,2015,2002,0.69,8.3,0.083,0.046547467,16.60670393,1587604651,21.18549221,32566341,17.29878983,0.72,91.7,13,4.88,0.07,0,0
2890,永豐金,201612,2016,2002,0.51,7.98,0.0798,0.037749172,15.62418368,1678930351,21.24142273,30820187,17.24368046,0.72,92.02,14,4.88,0.07,0,0
2890,永豐金,201712,2017,2002,0.55,8.65,0.0865,0.012583057,50.58389072,1599160883,21.19274488,32505951,17.29693374,0.77,91.35,15,4.88,0.08,0,0
2890,永豐金,201812,2018,2002,0.59,8.84,0.0884,0.046547467,14.57436992,1604926117,21.19634356,32112956,17.28477012,0.82,91.16,16,5.53,0.06,0,0
2890,永豐金,201912,2019,2002,0.73,8.09,0.0809,0.035,23.16857143,1833120705,21.32928565,36329883,17.40815118,0.99,91.91,17,5.72,0.06,0,0
2890,永豐金,202012,2020,2002,0.62,7.27,0.0727,0.023804761,29.09922043,2143348565,21.48563519,38990753,17.47883507,0.83,92.73,18,2.7,0.06,0,1
2890,永豐金,202112,2021,2002,0.72,6.83,0.0683,0.021602469,36.49119923,2382674862,21.59148959,45703242,17.63767979,1.12,93.17,19,2.7,0.05,0,1
2890,永豐金,202212,2022,2002,0.64,5.95,0.0595,0.030956959,22.59588843,2588763257,21.67444609,47245756,17.67087339,1.24,94.05,20,2.7,0.05,0,1
2890,永豐金,202312,2023,2002,0.74,6.8,0.068,0.026457513,30.53952942,2771352731,21.74260139,53901012,17.80265981,1.29,93.2,21,2.83,0.06,0,0
2891,中信金,200612,2006,2002,-0.6,7.23,0.0723,0.506252572,-1.042365075,1705957938,21.25739263,64570910,17.98327456,1.76,92.77,4,9.1,0.23,0,0
2891,中信金,200712,2007,2002,0.79,8.48,0.0848,0.420832508,2.078736749,1687754328,21.24666468,58978307,17.89268026,1.35,91.52,5,8.64,0.15,1,0
2891,中信金,200812,2008,2002,0.87,8.13,0.0813,0.086986589,10.93616856,1725505485,21.26878588,59819935,17.90684952,0.9,91.87,6,8.63,0.13,1,0
2891,中信金,200912,2009,2002,0.14,8.51,0.0851,0.159687194,1.409630879,1760715176,21.28898591,46481163,17.65455769,1.25,91.49,7,8.63,0.17,1,0
2891,中信金,201012,2010,2002,0.79,8.87,0.0887,0.019148542,45.88861089,1814593707,21.31912743,52550863,17.77729208,1.33,91.13,8,8.63,0.23,0,0
2891,中信金,201112,2011,2002,0.95,8.49,0.0849,0.069761498,14.83483043,2019887856,21.42630783,59729412,17.90533512,1.18,91.51,9,3.57,0.31,0,0
2891,中信金,201212,2012,2002,1.03,7.99,0.0799,0.023629078,46.97178594,2113515574,21.47161855,94072715,18.35957861,1.26,92.01,10,3.82,0.21,0,0
2891,中信金,201312,2013,2002,0.95,7.95,0.0795,0.077620873,13.26318494,2424720079,21.60898192,127166619,18.66100875,1.55,92.05,11,3.74,0.15,0,0
2891,中信金,201412,2014,2002,1.3,6.28,0.0628,0.264118029,5.159814361,3654680064,22.01927439,201426687,19.12093604,1.37,93.72,12,1.09,0.13,0,0
2891,中信金,201512,2015,2002,0.86,6.04,0.0604,0.03,30.68,4596226754,22.24850153,215571927,19.18880518,1.1,93.96,13,0.99,0.11,0,0
2891,中信金,201612,2016,2002,0.59,5.83,0.0583,0.042031734,15.42406029,4839251254,22.30002585,319671361,19.58280403,1.22,94.17,14,1.01,0.12,0,0
2891,中信金,201712,2017,2002,0.73,6.01,0.0601,0.047958315,16.47472385,5340733544,22.39862885,349763657,19.67276822,1.25,93.99,15,0.99,0.07,0,0
2891,中信金,201812,2018,2002,0.65,5.48,0.0548,0.06244998,11.28583228,5753247546,22.47303032,314374591,19.5660958,1.25,94.52,16,0.99,0.07,0,0
2891,中信金,201912,2019,2002,0.72,6.13,0.0613,0.087321246,8.947421572,6219434536,22.55094483,264717728,19.39417464,1.15,93.87,17,1.46,0.08,0,0
2891,中信金,202012,2020,2002,0.67,6.13,0.0613,0.075055535,9.743451966,6616667179,22.61285763,194406321,19.08546096,0.95,93.87,18,1.46,0.08,0,1
2891,中信金,202112,2021,2002,0.79,6.39,0.0639,0.07804913,10.94054478,7083525780,22.68103761,186057824,19.04156807,1.18,93.61,19,1.46,0.07,0,1
2891,中信金,202212,2022,2002,0.44,5.09,0.0509,0.09797959,5.010227145,7720493113,22.76714407,139252299,18.75179795,1.17,94.91,20,1.45,0.17,0,1
2891,中信金,202312,2023,2002,0.72,5.6,0.056,0.067019898,11.57865094,8304134831,22.8400194,136576427,18.73239492,1.26,94.4,21,1.45,0.11,0,0
2892,第一金,200612,2006,2003,0.64,6.32,0.0632,0.091423921,7.691641227,1600902672,21.19383348,34577402,17.35871091,1.46,93.68,3,23.01,0,0,0
2892,第一金,200712,2007,2003,0.76,6.31,0.0631,0.100124922,8.220730501,1682096561,21.24330681,39693185,17.49669007,1.39,93.69,4,23.01,0.01,1,0
2892,第一金,200812,2008,2003,0.41,5.56,0.0556,0.114746097,4.05765437,1800113679,21.31111565,44423781,17.60928549,1.07,94.44,5,23.01,0.01,1,0
2892,第一金,200912,2009,2003,0.14,5.2,0.052,0.085391256,2.248473768,1960078421,21.39625032,29572613,17.20235925,1.24,94.8,6,15,0.01,1,0
2892,第一金,201012,2010,2003,0.35,5.21,0.0521,0.033665016,11.94414981,2048867698,21.44055314,32955540,17.31066994,1.64,94.79,7,15,0.01,0,0
2892,第一金,201112,2011,2003,0.36,6.12,0.0612,0.042720019,9.85954624,2080969615,21.45609978,32558958,17.2985631,1.07,93.88,8,13.44,0.01,0,0
2892,第一金,201212,2012,2003,0.48,6.25,0.0625,0.052519838,10.32943028,2124278888,21.47669823,35273169,17.37863315,1.09,93.75,9,21.17,0.01,0,0
2892,第一金,201312,2013,2003,0.5,6.24,0.0624,0.038729833,14.52110556,2263385352,21.54012747,36466232,17.41189724,1.14,93.76,10,21.17,0.01,0,0
2892,第一金,201412,2014,2003,0.61,6.55,0.0655,0.041129876,16.42358481,2355708683,21.58010745,34186455,17.34734007,1.12,93.45,11,21.16,0.01,0,0
2892,第一金,201512,2015,2003,0.66,7.52,0.0752,0.005773503,127.3403754,2500095812,21.63959489,40848233,17.52537412,0.93,92.48,12,19.03,0.01,0,0
2892,第一金,201612,2016,2003,0.69,7.56,0.0756,0.017078251,44.82894575,2541156335,21.65588506,45090598,17.62418431,1.07,92.44,13,19.03,0.01,0,0
2892,第一金,201712,2017,2003,0.6,7.29,0.0729,0.088317609,7.619092163,2634058605,21.69179169,50827112,17.74394047,1.25,92.71,14,19.03,0.01,0,0
2892,第一金,201812,2018,2003,0.62,6.99,0.0699,0.035939764,19.19600785,2935204419,21.80004294,60248746,17.91399232,1.2,93.01,15,19,0.01,0,0
2892,第一金,201912,2019,2003,0.63,6.85,0.0685,0.021602469,32.33426698,3206767075,21.88852912,62317874,17.94775884,1.34,93.15,16,19,0.01,0,0
2892,第一金,202012,2020,2003,0.5,6.33,0.0633,0.041129876,13.69564074,3494501509,21.97445657,59568228,17.9026329,1.24,93.67,17,19,0.01,0,1
2892,第一金,202112,2021,2003,0.55,6,0.06,0.033040379,18.46225777,3739593907,22.04224286,62604429,17.95234658,1.41,94,18,18.99,0,0,1
2892,第一金,202212,2022,2003,0.52,5.39,0.0539,0.020615528,27.83823904,4157195982,22.14810664,67756394,18.03142939,1.56,94.61,19,18.99,0,0,1
2892,第一金,202312,2023,2003,0.52,5.61,0.0561,0.035939764,16.02959867,4429410318,22.2115323,67255132,18.02400389,1.5,94.39,20,18.99,0,0,0
2897,王道銀行,200612,2006,1999,0.45,20.66,0.2066,0.331511689,1.980623977,135803628,18.72672049,2801749,14.84575442,0.67,79.34,7,10.84,0.03,0,0
2897,王道銀行,200712,2007,1999,0.94,13.91,0.1391,0.387846619,2.782285436,308516461,19.54728576,5483767,15.51730283,0.67,86.09,8,11.05,0.04,1,0
2897,王道銀行,200812,2008,1999,-0.65,13.44,0.1344,0.80801712,-0.638105291,298562491,19.51448982,1612096,14.29304575,0.41,86.56,9,11.05,0.04,1,0
2897,王道銀行,200912,2009,1999,0.94,14.3,0.143,0.688833555,1.57222306,296379135,19.50715005,7061387,15.77015205,0.61,85.7,10,11.05,0.04,1,0
2897,王道銀行,201012,2010,1999,0.87,13.41,0.1341,0.180069431,5.576182443,302863206,19.5287918,5956068,15.59992109,0.72,86.59,11,13.85,0.04,0,0
2897,王道銀行,201112,2011,1999,1.26,13.01,0.1301,0.444550335,3.126979988,333027889,19.6237368,8061395,15.90259718,0.53,86.99,12,20.51,0.03,0,0
2897,王道銀行,201212,2012,1999,0.28,12.18,0.1218,0.511948891,0.78484397,348697280,19.66971471,4820963,15.38848426,0.62,87.82,13,23.38,0.03,0,0
2897,王道銀行,201312,2013,1999,0.59,10.91,0.1091,0.163299316,4.281095698,393029533,19.78939531,5955374,15.59980456,0.56,89.09,14,27.39,0.01,0,0
2897,王道銀行,201412,2014,1999,0.67,10.51,0.1051,0.046904158,16.52518752,428063500,19.87478211,6921642,15.75016358,0.57,89.49,15,27.46,0.01,0,0
2897,王道銀行,201512,2015,1999,0.65,9.52,0.0952,0.122031417,6.106624179,485986142,20.00169067,7125605,15.77920519,0.63,90.48,16,27.63,0.14,0,0
2897,王道銀行,201612,2016,1999,0.56,9.23,0.0923,0.043969687,14.83522061,496884750,20.02386867,7721971,15.8595802,0.68,90.77,17,27.66,0.24,0,0
2897,王道銀行,201712,2017,1999,0.41,8.54,0.0854,0.037749172,13.12346659,540572021,20.10813844,7914054,15.88415072,0.73,91.46,18,24.79,0.26,0,0
2897,王道銀行,201812,2018,1999,0.35,8.74,0.0874,0.015,29.16,561841574,20.14673047,7821913,15.87243971,0.6,91.26,19,25.19,0.22,0,0
2897,王道銀行,201912,2019,1999,0.36,9.06,0.0906,0.033040379,13.63785795,560700016,20.14469659,8311951,15.93320492,0.57,90.94,20,25.19,0.21,0,0
2897,王道銀行,202012,2020,1999,0.41,9.43,0.0943,0.025819889,19.53145501,575413630,20.1705997,8056491,15.90198866,0.53,90.57,21,14,0.38,0,1
2897,王道銀行,202112,2021,1999,0.56,9.59,0.0959,0.014142136,46.37913378,575080669,20.17002088,9314812,16.04711638,0.6,90.41,22,14,0.25,0,1
2897,王道銀行,202212,2022,1999,1.01,9.35,0.0935,0.223215143,4.943661016,577343132,20.17394733,12120819,16.31043511,0.61,90.65,23,14.13,0.32,0,1
2897,王道銀行,202312,2023,1999,0.57,9.34,0.0934,0.046457866,14.27960546,626749001,20.2560567,9543945,16.07141748,0.68,90.66,24,22.51,0.3,0,0
5818,僑銀,200612,2006,1961,-0.49,3.73,0.0373,0.184842275,-2.449115062,275445576,19.43390062,2574788,14.76127776,1.16,96.27,45,25.67,0.25,0,0
5820,日盛金,200612,2006,2002,-3.97,8.04,0.0804,1.585749034,-2.45284715,320402139,19.58508745,253468,12.44299286,1.05,91.96,4,8.45,0.09,0,0
5820,日盛金,200712,2007,2002,0.02,8.61,0.0861,1.690983442,0.062744553,297523402,19.51100344,13021134,16.38208429,0.79,91.39,5,34.49,0.09,1,0
5820,日盛金,200812,2008,2002,-1.35,8.17,0.0817,0.26751947,-4.740963345,264457010,19.39318926,8096215,15.90690723,0.3,91.83,6,34.49,0.08,1,0
5820,日盛金,200912,2009,2002,-2.26,11.15,0.1115,1.090699317,-1.969837119,229733570,19.2524308,7971845,15.89142652,0.89,88.85,7,56.6,0.03,1,0
5820,日盛金,201012,2010,2002,1.18,11.41,0.1141,0.100995049,12.81349935,248395053,19.33053099,9420587,16.05840796,1.13,88.59,8,56.6,0.03,0,0
5820,日盛金,201112,2011,2002,0.85,12.31,0.1231,0.077244202,12.59770936,248233266,19.32987945,8722260,15.98138894,0.69,87.69,9,56.42,0.03,0,0
5820,日盛金,201212,2012,2002,0.79,12.98,0.1298,0.068068593,13.51283994,247798714,19.32812734,6953758,15.75479279,0.7,87.02,10,56.42,0.03,0,0
5820,日盛金,201312,2013,2002,0.84,13.67,0.1367,0.073029674,13.37401555,246273163,19.3219519,7362912,15.81196606,0.8,86.33,11,59.54,0.04,0,0
5820,日盛金,201412,2014,2002,0.97,13.89,0.1389,0.081240384,13.64961543,258354022,19.36984138,8025932,15.89818836,0.75,86.11,12,59.54,0.05,0,0
5820,日盛金,201512,2015,2002,0.75,13.95,0.1395,0.023804761,37.36647404,268509166,19.40839561,7562598,15.83872534,0.65,86.05,13,59.54,0.05,0,0
5820,日盛金,201612,2016,2002,0.51,13.16,0.1316,0.038729833,16.56604077,285011594,19.46804042,7093977,15.77475667,0.65,86.84,14,59.54,0.04,0,0
5820,日盛金,201712,2017,2002,0.8,13.21,0.1321,0.06946222,13.41880523,295957224,19.50572549,8166690,15.91557424,0.76,86.79,15,59.54,0.04,0,0
5820,日盛金,201812,2018,2002,0.82,13.87,0.1387,0.066520673,14.41206094,318971258,19.58061156,8582626,15.96525049,0.71,86.13,16,59.57,0.22,0,0
5820,日盛金,201912,2019,2002,0.69,13.45,0.1345,0.072571804,11.36116177,339340286,19.64251396,8432197,15.94756791,0.79,86.55,17,59.58,0.38,0,0
5820,日盛金,202012,2020,2002,0.83,13.52,0.1352,0.094162979,10.25031289,358143761,19.69644503,9623620,16.07973105,0.98,86.48,18,59.58,0.31,0,1
5820,日盛金,202112,2021,2002,1.12,14.5,0.145,0.077674535,16.28590381,367427403,19.72203631,12256200,16.32154249,0.89,85.5,19,58.37,0.01,0,1
5854,合庫,200612,2006,1946,0.42,4.13,0.0413,0.091287093,5.053288316,2377499270,21.58931505,33562250,17.32891248,1.11,95.87,60,40.08,0.04,0,0
5854,合庫,200712,2007,1946,0.41,4.26,0.0426,0.023629078,19.15436554,2429482746,21.61094421,34978329,17.37023926,1.07,95.74,61,38.92,0.04,1,0
5854,合庫,200812,2008,1946,0.3,4.32,0.0432,0.040414519,8.491997674,2507014863,21.64235858,34877403,17.3673497,0.85,95.68,62,38.09,0.03,1,0
5854,合庫,200912,2009,1946,0.27,4.29,0.0429,0.022173558,14.11140253,2589350865,21.67467305,32989275,17.31169307,1,95.71,63,38.09,0.03,1,0
5854,合庫,201012,2010,1946,0.29,4.44,0.0444,0.008164966,40.9554685,2676682450,21.70784397,33050088,17.31353479,1.29,95.56,64,38.04,0.04,0,0
5854,合庫,201112,2011,1946,0.28,4.09,0.0409,0.02,16.045,2756158997,21.73710388,34736846,17.36331153,1.05,95.91,65,100,0,0,0
5863,瑞興銀,200812,2008,1917,0.2,9.92,0.0992,0.165806112,1.804517318,41293832,17.5362237,674039,13.42104325,0.39,90.08,91,14.35,0.24,1,0
5863,瑞興銀,200912,2009,1917,0.33,10.17,0.1017,0.080156098,5.385741227,40731708,17.52251741,662158,13.40325948,0.54,89.83,92,14.35,0.26,1,0
5863,瑞興銀,201012,2010,1917,1.04,10.12,0.1012,0.423438307,2.695079733,47096563,17.66771058,1128045,13.9359966,0.55,89.88,93,26.26,0.12,0,0
5863,瑞興銀,201112,2011,1917,0.32,8.77,0.0877,0.181934054,2.240921867,54409712,17.81205323,886529,13.69506912,0.53,91.23,94,26.26,0.1,0,0
5863,瑞興銀,201212,2012,1917,0.26,7.92,0.0792,0.039475731,8.592621135,59372138,17.89933562,719804,13.48673423,0.5,92.08,95,26.26,0.08,0,0
5863,瑞興銀,201312,2013,1917,0.27,6.98,0.0698,0.053541261,6.346507188,67912255,18.03372706,797622,13.58939008,0.61,93.02,96,26.26,0.07,0,0
5863,瑞興銀,201412,2014,1917,0.22,6.74,0.0674,0.025166115,11.42011798,76011300,18.14639257,881151,13.68898429,0.62,93.26,97,26.78,0.33,0,0
5863,瑞興銀,201512,2015,1917,0.24,6.58,0.0658,0.028284271,10.81166268,77985074,18.17202801,861876,13.66686669,0.55,93.42,98,28.46,0.29,0,0
5863,瑞興銀,201612,2016,1917,0.24,6.49,0.0649,0.026299556,11.59335144,79886513,18.1961176,948041,13.76215303,0.52,93.51,99,28.46,0.28,0,0
5863,瑞興銀,201712,2017,1917,0.23,6.05,0.0605,0.042720019,6.800090652,87168166,18.28334975,934664,13.74794239,0.56,93.95,100,28.47,0.28,0,0
5863,瑞興銀,201812,2018,1917,0.22,6.18,0.0618,0.012909944,21.82813414,86875076,18.27998174,917265,13.7291517,0.58,93.82,101,28.47,0.25,0,0
5863,瑞興銀,201912,2019,1917,0.23,6,0.06,0.016329932,17.75880064,92589496,18.34368626,1091396,13.90296817,0.64,94,102,28.47,0.24,0,0
5863,瑞興銀,202012,2020,1917,0.24,6.26,0.0626,0.017320508,17.47061915,89427252,18.30893603,1152341,13.95730608,0.57,93.74,103,28.47,0.22,0,1
5863,瑞興銀,202112,2021,1917,0.24,6.21,0.0621,0.024494897,12.33318085,92119124,18.33859312,1204544,14.00161163,0.57,93.79,104,28.47,0.22,0,1
5863,瑞興銀,202212,2022,1917,0.24,6.46,0.0646,0.021602469,14.10024012,88679177,18.30053566,1257953,14.04499635,0.56,93.54,105,28.47,0.22,0,1
5863,瑞興銀,202312,2023,1917,0.13,6.46,0.0646,0.012583057,15.4652398,89585257,18.31070132,1047323,13.86174794,0.8,93.54,106,28.47,0.13,0,0
5876,上海商銀,201412,2014,1954,0.94,9.42,0.0942,0.009574271,108.0186671,1542223626,21.15649112,29314030,17.1935768,1.3,90.58,60,4.12,2.28,0,0
5876,上海商銀,201512,2015,1954,0.96,9.59,0.0959,0.015,70.39333333,1624868880,21.20869296,31439024,17.26356048,1.08,90.41,61,4.24,1.98,0,0
5876,上海商銀,201612,2016,1954,0.92,9.9,0.099,0.02081666,48.95117662,1646949306,21.22219051,32455276,17.29537358,0.92,90.1,62,4.25,1.87,0,0
5876,上海商銀,201712,2017,1954,0.98,9.4,0.094,0.022173558,48.43607004,1733499797,21.27340821,34764450,17.36410587,1.12,90.6,63,4.25,1.56,0,0
5876,上海商銀,201812,2018,1954,1.01,9.41,0.0941,0.025,44.164,1892409757,21.36111686,37078374,17.42854445,1.26,90.59,64,22.99,1.45,0,0
5876,上海商銀,201912,2019,1954,0.99,9.84,0.0984,0.024494897,44.43374393,2075556734,21.45349526,40951272,17.52789343,1.52,90.16,65,23.05,1.43,0,0
5876,上海商銀,202012,2020,1954,0.85,9.7,0.097,0.018257419,51.8693262,2113741790,21.47172557,37831777,17.44865997,1.19,90.3,66,23.03,1.26,0,1
5876,上海商銀,202112,2021,1954,0.88,9.78,0.0978,0.014142136,69.14090106,2139632711,21.48390002,38172502,17.45762597,1.34,90.22,67,6.11,1.08,0,1
5876,上海商銀,202212,2022,1954,0.86,9.7,0.097,0.077620873,12.32915783,2325355025,21.56713856,44599322,17.61322922,1.26,90.3,68,8.84,1.16,0,1
5876,上海商銀,202312,2023,1954,0.73,10.05,0.1005,0.144539499,5.745834238,2423295740,21.60839433,49311201,17.71366181,1.24,89.95,69,8.62,0.99,0,0
5880,合庫金,201112,2011,2011,0.01,4.42,0.0442,0.219203102,0.247259274,2787765420,21.74850619,2934834,14.89216145,0.98,95.58,0,36.88,0.02,0,0
5880,合庫金,201212,2012,2011,0.26,4.84,0.0484,0.017320508,17.8054823,2986753871,21.81745297,35800689,17.3934777,0.94,95.16,1,31.8,0.03,0,0
5880,合庫金,201312,2013,2011,0.28,4.96,0.0496,0.009574271,34.42559724,3073076700,21.84594508,34854684,17.36669809,0.94,95.04,2,31.8,0.04,0,0
5880,合庫金,201412,2014,2011,0.34,5.15,0.0515,0.009574271,40.89084138,3082165206,21.84889818,35486473,17.38466214,0.95,94.85,3,31.81,0.02,0,0
5880,合庫金,201512,2015,2011,0.43,5.88,0.0588,0.012909944,37.86228519,3235095280,21.89732422,38322694,17.46155281,0.82,94.12,4,27.67,0.03,0,0
5880,合庫金,201612,2016,2011,0.43,5.94,0.0594,0.009574271,51.11616289,3341327085,21.9296339,42583733,17.56698288,0.86,94.06,5,27.67,0.03,0,0
5880,合庫金,201712,2017,2011,0.44,6.02,0.0602,0.025,20.008,3411539555,21.95042951,46628400,17.65772036,1.01,93.98,6,27.67,0.03,0,0
5880,合庫金,201812,2018,2011,0.46,6.06,0.0606,0.012909944,40.3255026,3508287588,21.97839389,46872679,17.66294553,1.07,93.94,7,27.67,0.02,0,0
5880,合庫金,201912,2019,2011,0.49,6.07,0.0607,0.008164966,67.44670007,3739488557,22.04221469,49096125,17.70929067,1.21,93.93,8,27.67,0.01,0,0
5880,合庫金,202012,2020,2011,0.43,5.73,0.0573,0.008164966,59.68181758,4147041390,22.145661,51765987,17.76224387,1.17,94.27,9,27.68,0.01,0,1
5880,合庫金,202112,2021,2011,0.49,5.48,0.0548,0.019148542,28.45125209,4433836855,22.21253115,54412693,17.81210801,1.47,94.52,10,27.68,0.02,0,1
5880,合庫金,202212,2022,2011,0.47,4.93,0.0493,0.017078251,30.40709447,4476167813,22.22203312,53182152,17.78923341,1.69,95.07,11,27.68,0.02,0,1
5880,合庫金,202312,2023,2011,0.39,5.12,0.0512,0.023804761,18.53410719,4803702956,22.29265291,61377038,17.93254635,1.64,94.88,12,27.68,0.02,0,0
